,id,smiles,%Vbur_C1_2.0Å_Boltz,%Vbur_C1_2.0Å_Vbur_min,%Vbur_C1_2.0Å_low_E,%Vbur_C1_2.0Å_max,%Vbur_C1_2.0Å_min,%Vbur_C1_2.5Å_Boltz,%Vbur_C1_2.5Å_Vbur_min,%Vbur_C1_2.5Å_low_E,%Vbur_C1_2.5Å_max,%Vbur_C1_2.5Å_min,%Vbur_C1_3.0Å_Boltz,%Vbur_C1_3.0Å_Vbur_min,%Vbur_C1_3.0Å_low_E,%Vbur_C1_3.0Å_max,%Vbur_C1_3.0Å_min,%Vbur_C1_3.5Å_Boltz,%Vbur_C1_3.5Å_Vbur_min,%Vbur_C1_3.5Å_low_E,%Vbur_C1_3.5Å_max,%Vbur_C1_3.5Å_min,%Vbur_C1_4.0Å_Boltz,%Vbur_C1_4.0Å_Vbur_min,%Vbur_C1_4.0Å_low_E,%Vbur_C1_4.0Å_max,%Vbur_C1_4.0Å_min,%Vbur_N1_2.0Å_Boltz,%Vbur_N1_2.0Å_Vbur_min,%Vbur_N1_2.0Å_low_E,%Vbur_N1_2.0Å_max,%Vbur_N1_2.0Å_min,%Vbur_N1_2.5Å_Boltz,%Vbur_N1_2.5Å_Vbur_min,%Vbur_N1_2.5Å_low_E,%Vbur_N1_2.5Å_max,%Vbur_N1_2.5Å_min,%Vbur_N1_3.0Å_Boltz,%Vbur_N1_3.0Å_Vbur_min,%Vbur_N1_3.0Å_low_E,%Vbur_N1_3.0Å_max,%Vbur_N1_3.0Å_min,%Vbur_N1_3.5Å_Boltz,%Vbur_N1_3.5Å_Vbur_min,%Vbur_N1_3.5Å_low_E,%Vbur_N1_3.5Å_max,%Vbur_N1_3.5Å_min,%Vbur_N1_4.0Å_Boltz,%Vbur_N1_4.0Å_Vbur_min,%Vbur_N1_4.0Å_low_E,%Vbur_N1_4.0Å_max,%Vbur_N1_4.0Å_min,Buried_Sterimol_B1_N1_C1_5.0(Å)_Boltz,Buried_Sterimol_B1_N1_C1_5.0(Å)_Vbur_min,Buried_Sterimol_B1_N1_C1_5.0(Å)_low_E,Buried_Sterimol_B1_N1_C1_5.0(Å)_max,Buried_Sterimol_B1_N1_C1_5.0(Å)_min,Buried_Sterimol_B5_N1_C1_5.0(Å)_Boltz,Buried_Sterimol_B5_N1_C1_5.0(Å)_Vbur_min,Buried_Sterimol_B5_N1_C1_5.0(Å)_low_E,Buried_Sterimol_B5_N1_C1_5.0(Å)_max,Buried_Sterimol_B5_N1_C1_5.0(Å)_min,Buried_Sterimol_L_N1_C1_5.0(Å)_Boltz,Buried_Sterimol_L_N1_C1_5.0(Å)_Vbur_min,Buried_Sterimol_L_N1_C1_5.0(Å)_low_E,Buried_Sterimol_L_N1_C1_5.0(Å)_max,Buried_Sterimol_L_N1_C1_5.0(Å)_min,HOMO_Boltz,HOMO_Vbur_min,HOMO_low_E,HOMO_max,HOMO_min,LUMO_Boltz,LUMO_Vbur_min,LUMO_low_E,LUMO_max,LUMO_min,NBO_LP_energy_N1_Boltz,NBO_LP_energy_N1_Vbur_min,NBO_LP_energy_N1_low_E,NBO_LP_energy_N1_max,NBO_LP_energy_N1_min,NBO_LP_occupancy_N1_Boltz,NBO_LP_occupancy_N1_Vbur_min,NBO_LP_occupancy_N1_low_E,NBO_LP_occupancy_N1_max,NBO_LP_occupancy_N1_min,NBO_charge_C1_Boltz,NBO_charge_C1_Vbur_min,NBO_charge_C1_low_E,NBO_charge_C1_max,NBO_charge_C1_min,NBO_charge_N1_Boltz,NBO_charge_N1_Vbur_min,NBO_charge_N1_low_E,NBO_charge_N1_max,NBO_charge_N1_min,NMR_shift_C1_Boltz,NMR_shift_C1_Vbur_min,NMR_shift_C1_low_E,NMR_shift_C1_max,NMR_shift_C1_min,NMR_shift_N1_Boltz,NMR_shift_N1_Vbur_min,NMR_shift_N1_low_E,NMR_shift_N1_max,NMR_shift_N1_min,SASA_sphericity_Boltz,SASA_sphericity_Vbur_min,SASA_sphericity_low_E,SASA_sphericity_max,SASA_sphericity_min,SASA_surface_area(Å²)_Boltz,SASA_surface_area(Å²)_Vbur_min,SASA_surface_area(Å²)_low_E,SASA_surface_area(Å²)_max,SASA_surface_area(Å²)_min,SASA_volume(Å³)_Boltz,SASA_volume(Å³)_Vbur_min,SASA_volume(Å³)_low_E,SASA_volume(Å³)_max,SASA_volume(Å³)_min,Sterimol_B1_N1_C1(Å)_dbstep_Boltz,Sterimol_B1_N1_C1(Å)_dbstep_Vbur_min,Sterimol_B1_N1_C1(Å)_dbstep_low_E,Sterimol_B1_N1_C1(Å)_dbstep_max,Sterimol_B1_N1_C1(Å)_dbstep_min,Sterimol_B1_N1_C1(Å)_morfeus_Boltz,Sterimol_B1_N1_C1(Å)_morfeus_Vbur_min,Sterimol_B1_N1_C1(Å)_morfeus_low_E,Sterimol_B1_N1_C1(Å)_morfeus_max,Sterimol_B1_N1_C1(Å)_morfeus_min,Sterimol_B5_N1_C1(Å)_dbstep_Boltz,Sterimol_B5_N1_C1(Å)_dbstep_Vbur_min,Sterimol_B5_N1_C1(Å)_dbstep_low_E,Sterimol_B5_N1_C1(Å)_dbstep_max,Sterimol_B5_N1_C1(Å)_dbstep_min,Sterimol_B5_N1_C1(Å)_morfeus_Boltz,Sterimol_B5_N1_C1(Å)_morfeus_Vbur_min,Sterimol_B5_N1_C1(Å)_morfeus_low_E,Sterimol_B5_N1_C1(Å)_morfeus_max,Sterimol_B5_N1_C1(Å)_morfeus_min,Sterimol_Bmax_N1_C1_0.0Å(Å)_Boltz,Sterimol_Bmax_N1_C1_0.0Å(Å)_Vbur_min,Sterimol_Bmax_N1_C1_0.0Å(Å)_low_E,Sterimol_Bmax_N1_C1_0.0Å(Å)_max,Sterimol_Bmax_N1_C1_0.0Å(Å)_min,Sterimol_Bmax_N1_C1_1.0Å(Å)_Boltz,Sterimol_Bmax_N1_C1_1.0Å(Å)_Vbur_min,Sterimol_Bmax_N1_C1_1.0Å(Å)_low_E,Sterimol_Bmax_N1_C1_1.0Å(Å)_max,Sterimol_Bmax_N1_C1_1.0Å(Å)_min,Sterimol_Bmin_N1_C1_0.0Å(Å)_Boltz,Sterimol_Bmin_N1_C1_0.0Å(Å)_Vbur_min,Sterimol_Bmin_N1_C1_0.0Å(Å)_low_E,Sterimol_Bmin_N1_C1_0.0Å(Å)_max,Sterimol_Bmin_N1_C1_0.0Å(Å)_min,Sterimol_Bmin_N1_C1_1.0Å(Å)_Boltz,Sterimol_Bmin_N1_C1_1.0Å(Å)_Vbur_min,Sterimol_Bmin_N1_C1_1.0Å(Å)_low_E,Sterimol_Bmin_N1_C1_1.0Å(Å)_max,Sterimol_Bmin_N1_C1_1.0Å(Å)_min,Sterimol_L_N1_C1(Å)_dbstep_Boltz,Sterimol_L_N1_C1(Å)_dbstep_Vbur_min,Sterimol_L_N1_C1(Å)_dbstep_low_E,Sterimol_L_N1_C1(Å)_dbstep_max,Sterimol_L_N1_C1(Å)_dbstep_min,Sterimol_L_N1_C1(Å)_morfeus_Boltz,Sterimol_L_N1_C1(Å)_morfeus_Vbur_min,Sterimol_L_N1_C1(Å)_morfeus_low_E,Sterimol_L_N1_C1(Å)_morfeus_max,Sterimol_L_N1_C1(Å)_morfeus_min,dipole(Debye)_Boltz,dipole(Debye)_Vbur_min,dipole(Debye)_low_E,dipole(Debye)_max,dipole(Debye)_min,distance_N1_C1(Å)_Boltz,distance_N1_C1(Å)_Vbur_min,distance_N1_C1(Å)_low_E,distance_N1_C1(Å)_max,distance_N1_C1(Å)_min,polar_aniso(Debye)_Boltz,polar_aniso(Debye)_Vbur_min,polar_aniso(Debye)_low_E,polar_aniso(Debye)_max,polar_aniso(Debye)_min,polar_iso(Debye)_Boltz,polar_iso(Debye)_Vbur_min,polar_iso(Debye)_low_E,polar_iso(Debye)_max,polar_iso(Debye)_min,pyramidalization_Agranat-Radhakrishnan_C1_Boltz,pyramidalization_Agranat-Radhakrishnan_C1_Vbur_min,pyramidalization_Agranat-Radhakrishnan_C1_low_E,pyramidalization_Agranat-Radhakrishnan_C1_max,pyramidalization_Agranat-Radhakrishnan_C1_min,pyramidalization_Agranat-Radhakrishnan_N1_Boltz,pyramidalization_Agranat-Radhakrishnan_N1_Vbur_min,pyramidalization_Agranat-Radhakrishnan_N1_low_E,pyramidalization_Agranat-Radhakrishnan_N1_max,pyramidalization_Agranat-Radhakrishnan_N1_min,pyramidalization_Gavrish_C1(°)_low_E,pyramidalization_Gavrish_C1(°)_max,pyramidalization_Gavrish_N1(°)_Boltz,pyramidalization_Gavrish_N1(°)_Vbur_min,pyramidalization_Gavrish_N1(°)_low_E,pyramidalization_Gavrish_N1(°)_max,pyramidalization_Gavrish_N1(°)_min,volume(Bohr_radius³/mol)_Boltz,volume(Bohr_radius³/mol)_Vbur_min,volume(Bohr_radius³/mol)_low_E,volume(Bohr_radius³/mol)_max,volume(Bohr_radius³/mol)_min,η_Boltz,η_Vbur_min,η_low_E,η_max,η_min,μ_Boltz,μ_Vbur_min,μ_low_E,μ_max,μ_min,ω_Boltz,ω_Vbur_min,ω_low_E,ω_max,ω_min,PC1,PC2,PC3,PC4,closest_to_center,cluster,distance_to_center
0,pyrd1,BrC1=C2C(OCCC2)=CN=C1,90.70570764462808,90.70570764462808,90.70570764462808,90.70570764462808,90.70570764462808,74.77861700742284,74.77861700742284,74.77861700742284,74.77861700742284,74.77861700742284,59.65155691299165,59.65155691299165,59.65155691299165,59.65155691299165,59.65155691299165,48.29365449124115,48.29365449124115,48.29365449124115,48.29365449124115,48.29365449124115,39.86833529886413,39.86833529886413,39.86833529886413,39.86833529886413,39.86833529886413,80.41064049586777,80.41064049586777,80.41064049586777,80.41064049586777,80.41064049586777,67.05137387680688,67.05137387680688,67.05137387680688,67.05137387680688,67.05137387680688,55.05065554231228,55.05065554231228,55.05065554231228,55.05065554231228,55.05065554231228,44.09709280655982,44.09709280655982,44.09709280655982,44.09709280655982,44.09709280655982,35.51843460989386,35.51843460989386,35.51843460989386,35.51843460989386,35.51843460989386,1.7,1.7,1.7,1.7,1.7,5.869362772539969,5.869362772539969,5.869362772539969,5.869362772539969,5.869362772539969,6.315950935598758,6.315950935598758,6.315950935598758,6.315950935598758,6.315950935598758,-0.29088,-0.29088,-0.29088,-0.29088,-0.29088,-0.00553,-0.00553,-0.00553,-0.00553,-0.00553,-0.38489,-0.38489,-0.38489,-0.38489,-0.38489,1.90959,1.90959,1.90959,1.90959,1.90959,-0.00773,-0.00773,-0.00773,-0.00773,-0.00773,-0.3854,-0.3854,-0.3854,-0.3854,-0.3854,24.3521,24.3521,24.3521,24.3521,24.3521,-152.6619,-152.6619,-152.6619,-152.6619,-152.6619,0.9087150198158868,0.9087150198158868,0.9087150198158868,0.9087150198158868,0.9087150198158868,326.8314392039673,326.8314392039673,326.8314392039673,326.8314392039673,326.8314392039673,481.2836546552945,481.2836546552945,481.2836546552945,481.2836546552945,481.2836546552945,1.678700108616284,1.678700108616284,1.678700108616284,1.678700108616284,1.678700108616284,1.7,1.7,1.7,1.7,1.7,5.813776741499454,5.813776741499454,5.813776741499454,5.813776741499454,5.813776741499454,5.869362772539969,5.869362772539969,5.869362772539969,5.869362772539969,5.869362772539969,5.813776741499453,5.813776741499453,5.813776741499453,5.813776741499453,5.813776741499453,5.561025085359712,5.561025085359712,5.561025085359712,5.561025085359712,5.561025085359712,1.626345596729059,1.626345596729059,1.626345596729059,1.626345596729059,1.626345596729059,1.668673114842224,1.668673114842224,1.668673114842224,1.668673114842224,1.668673114842224,6.300000000000001,6.300000000000001,6.300000000000001,6.300000000000001,6.300000000000001,6.748212354424936,6.748212354424936,6.748212354424936,6.748212354424936,6.748212354424936,3.8433,3.8433,3.8433,3.8433,3.8433,1.33171,1.33171,1.33171,1.33171,1.33171,67.302,67.302,67.302,67.302,67.302,117.962,117.962,117.962,117.962,117.962,0.0007511499627169,0.0007511499627169,0.0007511499627169,0.0007511499627169,0.0007511499627169,1.997292277946251,1.997292277946251,1.997292277946251,1.997292277946251,1.997292277946251,0.0049966823864961,0.0049966823864961,8.277184874773305,8.277184874773305,8.277184874773305,8.277184874773305,8.277184874773305,1346.178,1346.178,1346.178,1346.178,1346.178,0.28535,0.28535,0.28535,0.28535,0.28535,-0.148205,-0.148205,-0.148205,-0.148205,-0.148205,0.03849,0.03849,0.03849,0.03849,0.03849,4.790350250409664,-3.098232143692919,-2.4241912825579455,-1.3394393146383738,0,1,2.2027754947659774
1,pyrd2,ClC1=NC=CC=C1C,95.18013946280992,95.18013946280992,95.18013946280992,95.18013946280992,95.18013946280992,85.67196249511655,85.67196249511655,85.67196249511655,85.67196249511655,85.67196249511655,73.91518921334924,73.91518921334924,73.91518921334924,73.91518921334924,73.91518921334924,61.41096720089452,61.41096720089452,61.41096720089452,61.41096720089452,61.41096720089452,49.04219167028738,49.04219167028738,49.04219167028738,49.04219167028738,49.04219167028738,81.21126033057851,81.21126033057851,81.21126033057851,81.21126033057851,81.21126033057851,69.42472978252377,69.42472978252377,69.42472978252377,69.42472978252377,69.42472978252377,58.97273539928486,58.97273539928486,58.97273539928486,58.97273539928486,58.97273539928486,49.29358460678345,49.29358460678345,49.29358460678345,49.29358460678345,49.29358460678345,40.80946247905158,40.80946247905158,40.80946247905158,40.80946247905158,40.80946247905158,1.91835036771401,1.91835036771401,1.91835036771401,1.91835036771401,1.91835036771401,4.437845562417328,4.437845562417328,4.437845562417328,4.437845562417328,4.437845562417328,5.740439913309599,5.740439913309599,5.740439913309599,5.740439913309599,5.740439913309599,-0.31,-0.31,-0.31,-0.31,-0.31,-0.00748,-0.00748,-0.00748,-0.00748,-0.00748,-0.38716,-0.38716,-0.38716,-0.38716,-0.38716,1.89792,1.89792,1.89792,1.89792,1.89792,0.20474,0.20474,0.20474,0.20474,0.20474,-0.41958,-0.41958,-0.41958,-0.41958,-0.41958,3.0323,3.0323,3.0323,3.0323,3.0323,-136.0998,-136.0998,-136.0998,-136.0998,-136.0998,0.9245891745300988,0.9245891745300988,0.9245891745300988,0.9245891745300988,0.9245891745300988,278.9812574058412,278.9812574058412,278.9812574058412,278.9812574058412,278.9812574058412,389.5467278431886,389.5467278431886,389.5467278431886,389.5467278431886,389.5467278431886,1.902732733824454,1.902732733824454,1.902732733824454,1.902732733824454,1.902732733824454,1.91835036771401,1.91835036771401,1.91835036771401,1.91835036771401,1.91835036771401,4.404543109109048,4.404543109109048,4.404543109109048,4.404543109109048,4.404543109109048,4.437845562417328,4.437845562417328,4.437845562417328,4.437845562417328,4.437845562417328,4.404543109109048,4.404543109109048,4.404543109109048,4.404543109109048,4.404543109109048,4.354595273960601,4.354595273960601,4.354595273960601,4.354595273960601,4.354595273960601,1.648306201995127,1.648306201995127,1.648306201995127,1.648306201995127,1.648306201995127,1.698615435032439,1.698615435032439,1.698615435032439,1.698615435032439,1.698615435032439,5.300000000000001,5.300000000000001,5.300000000000001,5.300000000000001,5.300000000000001,5.740439913309599,5.740439913309599,5.740439913309599,5.740439913309599,5.740439913309599,3.4509,3.4509,3.4509,3.4509,3.4509,1.31767,1.31767,1.31767,1.31767,1.31767,54.8962,54.8962,54.8962,54.8962,54.8962,85.9969,85.9969,85.9969,85.9969,85.9969,1.093260124638659e-11,1.093260124638659e-11,1.093260124638659e-11,1.093260124638659e-11,1.093260124638659e-11,1.999999999985686,1.999999999985686,1.999999999985686,1.999999999985686,1.999999999985686,,,8.263644826925711,8.263644826925711,8.263644826925711,8.263644826925711,8.263644826925711,1023.632,1023.632,1023.632,1023.632,1023.632,0.30252,0.30252,0.30252,0.30252,0.30252,-0.15874,-0.15874,-0.15874,-0.15874,-0.15874,0.04165,0.04165,0.04165,0.04165,0.04165,-2.252941787227159,-1.5662130277869828,-3.816638455010689,0.6087499546679247,1,2,2.650315276851603
2,pyrd3,BrC1=CC(C)=NC=C1,95.7160382231405,95.7160382231405,95.7160382231405,95.7160382231405,95.7160382231405,85.74846985284542,85.74846985284542,85.74846985284542,85.74846985284542,85.74846985284542,72.52029946364719,72.52029946364719,72.52029946364719,72.52029946364719,72.52029946364719,57.87073704808051,57.87073704808051,57.87073704808051,57.87073704808051,57.87073704808051,44.20077897088945,44.20077897088945,44.20077897088945,44.20077897088945,44.20077897088945,81.0207902892562,81.0207902892562,81.0207902892562,81.0207902892562,81.0207902892562,69.52239874983722,69.52239874983722,69.52239874983722,69.52239874983722,69.52239874983722,59.47742848629321,59.47742848629321,59.47742848629321,59.47742848629321,59.47742848629321,49.96796962355572,49.96796962355572,49.96796962355572,49.96796962355572,49.96796962355572,40.82187635776798,40.82187635776798,40.82187635776798,40.82187635776798,40.82187635776798,1.938959233365436,1.938959233365436,1.938959233365436,1.938959233365436,1.938959233365436,5.880858075494851,5.880858075494851,5.880858075494851,5.880858075494851,5.880858075494851,4.677361396897991,4.677361396897991,4.677361396897991,4.677361396897991,4.677361396897991,-0.32162,-0.32162,-0.32162,-0.32162,-0.32162,-0.01138,-0.01138,-0.01138,-0.01138,-0.01138,-0.38423,-0.38423,-0.38423,-0.38423,-0.38423,1.91612,1.91612,1.91612,1.91612,1.91612,0.22601,0.22601,0.22601,0.22601,0.22601,-0.42868,-0.42868,-0.42868,-0.42868,-0.42868,-2.658,-2.658,-2.658,-2.658,-2.658,-142.7935,-142.7935,-142.7935,-142.7935,-142.7935,0.9115149620242636,0.9115149620242636,0.9115149620242636,0.9115149620242636,0.9115149620242636,291.3126563185526,291.3126563185526,291.3126563185526,291.3126563185526,291.3126563185526,406.8726952953482,406.8726952953482,406.8726952953482,406.8726952953482,406.8726952953482,1.919161294289717,1.919161294289717,1.919161294289717,1.919161294289717,1.919161294289717,1.938959233365436,1.938959233365436,1.938959233365436,1.938959233365436,1.938959233365436,5.851922760939348,5.851922760939348,5.851922760939348,5.851922760939348,5.851922760939348,5.880858075494851,5.880858075494851,5.880858075494851,5.880858075494851,5.880858075494851,5.203844732503074,5.203844732503074,5.203844732503074,5.203844732503074,5.203844732503074,5.805385430787521,5.805385430787521,5.805385430787521,5.805385430787521,5.805385430787521,1.698615435032439,1.698615435032439,1.698615435032439,1.698615435032439,1.698615435032439,1.900746757939297,1.900746757939297,1.900746757939297,1.900746757939297,1.900746757939297,4.25,4.25,4.25,4.25,4.25,4.677361396897991,4.677361396897991,4.677361396897991,4.677361396897991,4.677361396897991,0.418,0.418,0.418,0.418,0.418,1.34382,1.34382,1.34382,1.34382,1.34382,61.9619,61.9619,61.9619,61.9619,61.9619,94.6394,94.6394,94.6394,94.6394,94.6394,6.383077438046314e-06,6.383077438046314e-06,6.383077438046314e-06,6.383077438046314e-06,6.383077438046314e-06,1.999999850330662,1.999999850330662,1.999999850330662,1.999999850330662,1.999999850330662,4.247599456919221e-05,4.247599456919221e-05,8.220393966925858,8.220393966925858,8.220393966925858,8.220393966925858,8.220393966925858,925.255,925.255,925.255,925.255,925.255,0.31024,0.31024,0.31024,0.31024,0.31024,-0.1665,-0.1665,-0.1665,-0.1665,-0.1665,0.04468,0.04468,0.04468,0.04468,0.04468,-4.618686904955254,-4.6259611413219845,4.127307806990396,4.942432152173122,0,0,3.9177208009646707
3,pyrd4,O=C(NC1=NC=CC(C2CC2)=C1)C3=CC=C(B4OC(C)(C)C(C)(C)O4)C=C3,94.74104345703812,94.73140495867769,94.73140495867769,94.97675619834712,94.73140495867769,84.65144203333902,84.70341190259148,84.70341190259148,85.38221122541998,84.61225419976559,72.52647496620305,72.54637216924911,72.54637216924911,73.62187127532776,72.50074493444578,61.02839521137028,61.3055581438688,61.3055581438688,62.14591874767051,60.59739563920984,51.65433416990619,52.27523120849109,52.27523120849109,52.79428651232077,50.69944447892743,81.3858942556091,81.35976239669421,81.35976239669421,83.203125,81.35976239669421,69.78645091486614,69.77308243260842,69.77308243260842,72.9668576637583,69.77308243260842,59.09425281995954,59.09006257449344,59.09006257449344,63.29707985697258,59.09006257449344,49.15782622780333,49.14857435706299,49.14857435706299,53.84597465523667,49.14857435706299,41.03298193899295,41.01972254981069,41.01972254981069,45.15548383092297,41.01972254981069,2.019291320085899,2.041352492958112,2.041352492958112,2.628912323800492,1.987154123942168,6.137806676170928,5.812564839462692,5.812564839462692,6.649699589943023,5.812532852936744,6.053363595381139,6.053402488905417,6.053402488905417,6.053426448677945,5.421404928247177,-0.2836795436479444,-0.28364,-0.28364,-0.28364,-0.28569,-0.0326064796074338,-0.03263,-0.03263,-0.02888,-0.03263,-0.3838515452221074,-0.38391,-0.38391,-0.36897,-0.38392,1.912718819669138,1.91279,1.91279,1.91279,1.90871,0.3648752777230609,0.36405,0.36405,0.37056,0.36405,-0.4695304319594563,-0.46925,-0.46925,-0.42189,-0.46996,10.47390691117221,10.24,10.24,10.8528,9.6989,-86.51039124391805,-87.0908,-87.0908,-85.5985,-110.8838,0.7722493892644268,0.7730539872740929,0.7730539872740929,0.7730539872740929,0.7676029964757396,647.1347894345519,646.382422790416,646.382422790416,654.1221842190431,646.382422790416,1050.512597874372,1050.322954953765,1050.322954953765,1057.954823022715,1050.254140399703,2.7626000600158,2.810192825117852,2.810192825117852,2.8386356018938,2.673179615600079,2.748910080306672,2.792876560157286,2.792876560157286,2.847346087915147,2.663511251289973,12.79050896084727,12.8062484748657,12.8062484748657,12.8062484748657,12.12981863013623,12.82872462048511,12.8519746157014,12.8519746157014,12.8519746157014,12.16374610503423,6.162431877665266,6.49384323802169,6.49384323802169,6.49384323802169,5.40578393944856,11.90116054055587,12.05259308198862,12.05259308198862,12.05259308198863,6.88839603971781,1.649188219988655,1.65,1.65,1.657846651763955,1.645151675886305,1.954694432756563,1.650000000000001,1.650000000000001,2.4,1.650000000000001,8.400003239038963,8.399999999999999,8.399999999999999,9.85,8.399999999999999,8.839898441217704,8.850486293107107,8.850486293107107,10.27791571505068,8.823726898819567,2.578641600012759,2.6225,2.6225,5.952,2.5126,1.341383071509121,1.34199,1.34199,1.34199,1.33274,205.8834197300483,196.651,196.651,219.328,171.67,290.9778304500717,290.038,290.038,292.458,288.243,0.0039648265770279,0.0037228722117434,0.0037228722117434,0.0300602903649165,0.0037228722117434,1.999682619521506,1.999720219996536,1.999720219996536,1.999720219996536,1.995425078762135,0.0249378885542536,0.2000893684742809,8.331388695793693,8.334397361474831,8.334397361474831,8.355194594083695,8.326669883607066,2996.308758202675,3039.519,3039.519,3680.16,2711.159,0.2510730640405105,0.25101,0.25101,0.25681,0.25101,-0.1581430116276891,-0.158135,-0.158135,-0.15712,-0.158165,0.0498031915994097,0.04981,0.04981,0.04981,0.04817,2.951291824587377,6.447595845023535,6.335644379801004,1.2806448487669506,1,4,0.0
4,pyrd5,ClC1=NC(C(F)(F)F)=CC(C)=C1,95.27698863636364,95.27698863636364,95.27698863636364,95.27698863636364,95.27698863636364,85.03223075921343,85.03223075921343,85.03223075921343,85.03223075921343,85.03223075921343,71.24273688915376,71.24273688915376,71.24273688915376,71.24273688915376,71.24273688915376,57.82705926202013,57.82705926202013,57.82705926202013,57.82705926202013,57.82705926202013,46.27118118055986,46.27118118055986,46.27118118055986,46.27118118055986,46.27118118055986,82.46384297520662,82.46384297520662,82.46384297520662,82.46384297520662,82.46384297520662,73.77588227633807,73.77588227633807,73.77588227633807,73.77588227633807,73.77588227633807,65.96953218116806,65.96953218116806,65.96953218116806,65.96953218116806,65.96953218116806,58.55327525158405,58.55327525158405,58.55327525158405,58.55327525158405,58.55327525158405,50.60246105145553,50.60246105145553,50.60246105145553,50.60246105145553,50.60246105145553,2.306109020924559,2.306109020924559,2.306109020924559,2.306109020924559,2.306109020924559,5.466752727130661,5.466752727130661,5.466752727130661,5.466752727130661,5.466752727130661,4.847386628888939,4.847386628888939,4.847386628888939,4.847386628888939,4.847386628888939,-0.33403,-0.33403,-0.33403,-0.33403,-0.33403,-0.03023,-0.03023,-0.03023,-0.03023,-0.03023,-0.40792,-0.40792,-0.40792,-0.40792,-0.40792,1.8943,1.8943,1.8943,1.8943,1.8943,0.20832,0.20832,0.20832,0.20832,0.20832,-0.40588,-0.40588,-0.40588,-0.40588,-0.40588,2.3581,2.3581,2.3581,2.3581,2.3581,-119.6215,-119.6215,-119.6215,-119.6215,-119.6215,0.883436746219546,0.883436746219546,0.883436746219546,0.883436746219546,0.883436746219546,341.9685966525224,341.9685966525224,341.9685966525224,341.9685966525224,341.9685966525224,493.7604974470327,493.7604974470327,493.7604974470327,493.7604974470327,493.7604974470327,2.300056568872448,2.300056568872448,2.300056568872448,2.300056568872448,2.300056568872448,2.306109020924559,2.306109020924559,2.306109020924559,2.306109020924559,2.306109020924559,5.452063829413594,5.452063829413594,5.452063829413594,5.452063829413594,5.452063829413594,5.466752727130661,5.466752727130661,5.466752727130661,5.466752727130661,5.466752727130661,4.800260409602797,4.800260409602797,4.800260409602797,4.800260409602797,4.800260409602797,5.452063829413594,5.452063829413594,5.452063829413594,5.452063829413594,5.452063829413594,1.650000000000001,1.650000000000001,1.650000000000001,1.650000000000001,1.650000000000001,1.799725323756516,1.799725323756516,1.799725323756516,1.799725323756516,1.799725323756516,4.399999999999999,4.399999999999999,4.399999999999999,4.399999999999999,4.399999999999999,4.847386628888939,4.847386628888939,4.847386628888939,4.847386628888939,4.847386628888939,5.188,5.188,5.188,5.188,5.188,1.31594,1.31594,1.31594,1.31594,1.31594,57.528,57.528,57.528,57.528,57.528,100.126,100.126,100.126,100.126,100.126,1.994214092893828e-05,1.994214092893828e-05,1.994214092893828e-05,1.994214092893828e-05,1.994214092893828e-05,0.0001867831927508,0.0001867831927508,0.0001867831927508,0.0001867831927508,0.0001867831927508,0.0001329294230042,0.0001329294230042,7.547654799420622,7.547654799420622,7.547654799420622,7.547654799420622,7.547654799420622,1134.727,1134.727,1134.727,1134.727,1134.727,0.3038,0.3038,0.3038,0.3038,0.3038,-0.18213,-0.18213,-0.18213,-0.18213,-0.18213,0.05459,0.05459,0.05459,0.05459,0.05459,-6.935356143521387,-0.6806491235802207,-1.495548918954883,-1.8960398137832608,0,2,2.6503152768516043
5,pyrd6,BrC1=CC(C)=CC(NC(OC(C)(C)C)=O)=N1,95.14778365818262,94.95738636363636,95.15431301652892,95.15431301652892,94.72494834710744,85.52503507587296,85.61498893085037,85.54010938924338,85.61498893085037,84.54876937101186,72.26395958809593,74.58283671036948,72.26143474374254,74.58283671036948,72.26143474374254,58.97697147856273,63.9582556839359,58.95394614237793,63.9582556839359,58.95394614237793,47.24169237209388,55.09900068276333,47.17855812798709,55.09900068276333,47.17855812798709,82.29106053550397,88.86880165289256,82.28628615702479,88.86880165289256,82.28628615702479,72.4398739424818,83.32953509571558,72.43618960802188,83.32953509571558,72.43618960802188,63.33587461732031,77.00666716328963,63.3324642431466,77.00666716328963,63.3324642431466,54.95191638870858,70.3125,54.94956671636228,70.3125,54.94956671636228,46.99106830096294,62.57681087455775,46.9896344112718,62.57681087455775,46.9896344112718,1.79458550604055,2.059724063468073,1.794583182092653,2.059724063468073,1.794583182092653,5.58796741828689,6.654914711635569,5.587615007006473,6.654914711635569,5.587615007006473,4.799927781305088,4.69905339777792,4.75641808583685,7.617749079320117,4.69905339777792,-0.2887162830738325,-0.29521,-0.2887,-0.2887,-0.29521,-0.0047253284375497,-0.01204,-0.00468,-0.00468,-0.01204,-0.3924677863468281,-0.38993,-0.39245,-0.38993,-0.39362,1.893831929971252,1.88823,1.89384,1.89384,1.88823,0.1847207029863653,0.39126,0.1816,0.39126,0.1816,-0.4841005485517841,-0.4718,-0.48411,-0.4718,-0.48411,4.84436246137893,10.8116,4.7311,12.1788,4.7311,-83.59660609801762,-97.5078,-83.5707,-83.5707,-97.5078,0.8272507772861732,0.86317924429158,0.8270150061324961,0.86317924429158,0.8270150061324961,466.3052087322322,438.5015145947254,466.4722303869672,466.4722303869672,438.5015145947254,712.4112167840101,692.4396740678932,712.4962621118531,712.4962621118531,692.4396740678932,2.351015318931609,2.045036376978778,2.344186291141403,2.793320742257119,2.045036376978778,2.377010943972431,2.059724063468073,2.370552088169807,2.795344430752418,2.059724063468073,5.572805980671416,6.691038783328041,5.572477007579304,6.691038783328041,5.572477007579304,5.587967523479981,6.709691366364506,5.587615007006473,6.709691366364506,5.587615007006473,5.279107234446792,6.691038783328041,5.278730908087662,6.691038783328041,5.278730908087662,5.572805880183489,6.638712224520655,5.572477007579304,6.638712224520655,5.572477007579304,1.64992651954908,1.776981048549933,1.65,1.776981048549933,1.645151675886305,1.746804807386714,1.925789723280498,1.748299218415746,1.925789723280498,1.65,4.361584779413302,4.250000000000001,4.299999999999999,8.350000000000001,4.250000000000001,4.817532998069147,4.69905339777792,4.75641808583685,8.77551918752883,4.69905339777792,2.684179888159378,3.9067,2.6449,5.2279,2.6449,1.317341590429453,1.3378,1.31691,1.34529,1.31691,106.1693522808578,87.2335,106.154,107.166,87.2335,177.3266412008255,173.275,177.34,177.34,173.275,0.0021675527255232,0.0214135208135414,0.0021667711095413,0.0214135208135414,0.0021667711095413,0.0012688249999715,0.0093780994368973,0.001269148111558,0.0093780994368973,0.0012468752684338,0.014458174152489,0.1423777170562586,7.554455576798739,7.802010674371057,7.556085793324024,7.802010674371057,7.448846968997874,2032.625256160213,1911.366,2041.797,2041.797,1438.653,0.2839909546362827,0.28317,0.28402,0.28402,0.28211,-0.1467208057556911,-0.153625,-0.14669,-0.14669,-0.153625,0.0379000793858648,0.04167,0.03788,0.04167,0.03788,-4.319302190128049,3.048778529063149,2.577183656610963,-4.905084294383847,1,0,3.9177208009646702
6,pyrd7,FC(F)(C1=CC(C(F)(F)F)=CC(C2=CN=CC(C)=C2)=C1)F,90.97781492257326,91.0027117768595,91.0027117768595,91.0027117768595,90.95105888429752,75.69493737583576,75.7129834613882,75.7129834613882,75.7129834613882,75.67554369058472,61.29188012219959,61.30624255065554,61.30624255065554,61.30624255065554,61.27644517282479,50.18684067359699,50.19975307491615,50.19975307491615,50.19975307491615,50.17296403279911,41.1157516242903,41.12136118180126,41.12136118180126,41.12136118180126,41.10972317050462,80.28053320606662,80.29764979338843,80.29764979338843,80.29764979338843,80.26213842975206,66.96053205606637,66.94719364500587,66.94719364500587,66.974866519078,66.94719364500587,55.05928378304414,55.05344904648391,55.05344904648391,55.06555423122765,55.05344904648391,44.66263742860494,44.66432165486396,44.66432165486396,44.66432165486396,44.66082743197913,36.89653966977818,36.8905561417665,36.8905561417665,36.9029700204829,36.8905561417665,1.7,1.7,1.7,1.7,1.7,6.783852353940761,6.784957279549285,6.784957279549285,6.784957279549285,6.782664917506677,5.730347981704968,5.730328301370863,5.730328301370863,5.730369131677031,5.730328301370863,-0.3108056807437556,-0.31069,-0.31069,-0.31069,-0.31093,-0.0434078403718777,-0.04335,-0.04335,-0.04335,-0.04347,-0.3903185602479185,-0.39028,-0.39028,-0.39028,-0.39036,1.91467517996901,1.91468,1.91468,1.91468,1.91467,0.0360097808987046,0.03587,0.03587,0.03616,0.03587,-0.3992382003098981,-0.39919,-0.39919,-0.39919,-0.39929,9.70450328553189,9.6912,9.6912,9.7188,9.6912,-157.3829901394542,-157.3613,-157.3613,-157.3613,-157.4063,0.8275278264745887,0.8275961001641098,0.8275961001641098,0.8275961001641098,0.8274544544160526,479.4731839094748,479.4972887114395,479.4972887114395,479.4972887114395,479.4472790703903,743.1803410645978,743.3283559105828,743.3283559105828,743.3283559105828,743.02127314224,1.678700108616284,1.678700108616284,1.678700108616284,1.678700108616284,1.678700108616284,1.7,1.7,1.7,1.7,1.7,9.78807626952489,9.865596788841517,9.865596788841517,9.865596788841517,9.704766869945926,9.79587550552582,9.870785348951571,9.870785348951571,9.870785348951571,9.715371735254829,9.76486159666952,9.865596788841517,9.865596788841517,9.865596788841517,9.656603957913983,9.48057741803688,9.57078889120432,9.57078889120432,9.57078889120432,9.383629361819445,1.65,1.65,1.65,1.65,1.65,1.649999999999999,1.649999999999999,1.649999999999999,1.649999999999999,1.649999999999999,5.299999999999997,5.299999999999998,5.299999999999998,5.299999999999998,5.299999999999998,5.730347981704968,5.730328301370863,5.730328301370863,5.730369131677031,5.730328301370863,3.452359624172056,3.4486,3.4486,3.4564,3.4486,1.33774517996901,1.33775,1.33775,1.33775,1.33774,112.4608826031445,112.056,112.056,112.896,112.056,172.3973740216929,172.394,172.394,172.401,172.394,0.000962724240565,0.0010027011603184,0.0010027011603184,0.0010027011603184,0.0009197620260309,1.987569782529463,1.987537362846739,1.987537362846739,1.987604623166834,1.987537362846739,0.00668227166328,0.00668227166328,8.26372987907741,8.263645463923206,8.263645463923206,8.263820597971893,8.263645463923206,2131.760205600684,1896.963,1896.963,2384.091,1896.963,0.2673978403718777,0.26734,0.26734,0.26746,0.26734,-0.1771067605578167,-0.17702,-0.17702,-0.17702,-0.1772,0.0586533802789083,0.05861,0.05861,0.0587,0.05861,4.3668982087716275,-3.8833832273339057,2.67766727420964,-2.316577198119276,0,1,2.9943119826312516
7,pyrd8,BrC1=NC(C2=CN=CS2)=CC(C)=C1,95.54365722528078,95.85808367768594,95.85808367768594,95.85808367768594,95.22856404958677,86.06812521889606,86.63725745539784,86.63725745539784,86.63725745539784,85.49778617007424,73.97694236308254,75.57359952324195,75.57359952324195,75.57359952324195,72.3768995828367,62.14167414342249,64.45501770406261,64.45501770406261,64.45501770406261,59.8234252702199,51.75731045518398,54.83986096455838,54.83986096455838,54.83986096455838,48.66822357395569,84.49397547910672,84.04894111570248,84.04894111570248,84.9399535123967,84.04894111570248,75.7019621700991,75.28649563745279,75.28649563745279,76.11830967573903,75.28649563745279,67.56836509212545,67.14559743742551,67.14559743742551,67.99202920143027,67.14559743742551,59.90390107409972,59.45711423779352,59.45711423779352,60.3516352963101,59.45711423779352,51.9889939792197,51.49470858419713,51.49470858419713,52.48432747812054,51.49470858419713,1.819549604292466,1.839161700524848,1.839161700524848,1.839161700524848,1.799895921732977,5.632002530587856,5.675875200882057,5.675875200882057,5.675875200882057,5.588036830808367,5.337227003368362,5.902449686039867,5.902449686039867,5.902449686039867,4.770805798361877,-0.2881503600934873,-0.28849,-0.28849,-0.28781,-0.28849,-0.0434298199532563,-0.04326,-0.04326,-0.04326,-0.0436,-0.3940484960801413,-0.39263,-0.39263,-0.39263,-0.39547,1.89414596907512,1.89506,1.89506,1.89506,1.89323,0.1785175153589186,0.18089,0.18089,0.18089,0.17614,-0.4466057847880016,-0.44263,-0.44263,-0.44263,-0.45059,6.168313814267023,10.4729,10.4729,10.4729,1.8546,-117.7909898941701,-115.3763,-115.3763,-115.3763,-120.2108,0.8653512966341965,0.8656787459279333,0.8656787459279333,0.8656787459279333,0.8650231530029816,386.8878797396976,386.74303014612,386.74303014612,387.0330364785445,386.74303014612,576.023339588581,576.026799095023,576.026799095023,576.026799095023,576.0198727464538,1.806214025230418,1.818732940688419,1.818732940688419,1.818732940688419,1.793668564128998,1.819549604292466,1.839161700524848,1.839161700524848,1.839161700524848,1.799895921732977,5.614046617957995,5.655528268871088,5.655528268871088,5.655528268871088,5.572477007579304,5.632002530587856,5.675875200882057,5.675875200882057,5.675875200882057,5.588036830808367,5.376428401788107,5.50567888638631,5.50567888638631,5.50567888638631,5.246903848937961,5.614046617957995,5.655528268871088,5.655528268871088,5.655528268871088,5.572477007579304,1.65,1.65,1.65,1.650000000000001,1.65,1.69996911829833,1.65,1.65,1.750044193250871,1.65,4.925608981632929,5.499999999999999,5.499999999999999,5.499999999999999,4.35,5.337227003368362,5.902449686039867,5.902449686039867,5.902449686039867,4.770805798361877,4.010589219093927,4.8493,4.8493,4.8493,3.1701,1.333915234076691,1.353,1.353,1.353,1.31479,120.5424867612688,120.53,120.53,120.555,120.53,160.4914571065111,160.451,160.451,160.532,160.451,0.0013042597851705,0.0004781959719135,0.0004781959719135,0.0021320752194447,0.0004781959719135,0.0007588566454838,0.0003326072957375,0.0003326072957375,0.0011860098325701,0.0003326072957375,0.0031871933340372,0.0142222405723783,7.59000116326333,7.575604424583528,7.575604424583528,7.604428429403171,7.575604424583528,1860.141756409337,1862.27,1862.27,1862.27,1858.009,0.244720540140231,0.24523,0.24523,0.24523,0.24421,-0.1657900900233718,-0.165875,-0.165875,-0.165705,-0.165875,0.0561599364540904,0.0561,0.0561,0.05622,0.0561,-0.8471654466470653,0.508514151845857,-0.569861214741262,-2.0509837364868146,1,3,1.6337897270852104
8,pyrd9,CC1=NC(Cl)=CC2=C1C=NN2,95.69989669421489,95.69989669421489,95.69989669421489,95.69989669421489,95.69989669421489,85.98938663888526,85.98938663888526,85.98938663888526,85.98938663888526,85.98938663888526,73.69543355184743,73.69543355184743,73.69543355184743,73.69543355184743,73.69543355184743,60.94390607528886,60.94390607528886,60.94390607528886,60.94390607528886,60.94390607528886,48.950251381044,48.950251381044,48.950251381044,48.950251381044,48.950251381044,82.30888429752066,82.30888429752066,82.30888429752066,82.30888429752066,82.30888429752066,72.34665972131789,72.34665972131789,72.34665972131789,72.34665972131789,72.34665972131789,63.45444725864125,63.45444725864125,63.45444725864125,63.45444725864125,63.45444725864125,55.42711051062243,55.42711051062243,55.42711051062243,55.42711051062243,55.42711051062243,47.33489541307181,47.33489541307181,47.33489541307181,47.33489541307181,47.33489541307181,1.876271702778775,1.876271702778775,1.876271702778775,1.876271702778775,1.876271702778775,5.51740591791523,5.51740591791523,5.51740591791523,5.51740591791523,5.51740591791523,5.803871283503701,5.803871283503701,5.803871283503701,5.803871283503701,5.803871283503701,-0.2928,-0.2928,-0.2928,-0.2928,-0.2928,-0.02545,-0.02545,-0.02545,-0.02545,-0.02545,-0.38438,-0.38438,-0.38438,-0.38438,-0.38438,1.89837,1.89837,1.89837,1.89837,1.89837,0.28641,0.28641,0.28641,0.28641,0.28641,-0.4609,-0.4609,-0.4609,-0.4609,-0.4609,7.0581,7.0581,7.0581,7.0581,7.0581,-106.6853,-106.6853,-106.6853,-106.6853,-106.6853,0.8990384203408124,0.8990384203408124,0.8990384203408124,0.8990384203408124,0.8990384203408124,322.6407843733653,322.6407843733653,322.6407843733653,322.6407843733653,322.6407843733653,464.5367615644638,464.5367615644638,464.5367615644638,464.5367615644638,464.5367615644638,1.858054305826501,1.858054305826501,1.858054305826501,1.858054305826501,1.858054305826501,1.876271702778775,1.876271702778775,1.876271702778775,1.876271702778775,1.876271702778775,5.500909015790027,5.500909015790027,5.500909015790027,5.500909015790027,5.500909015790027,5.51740591791523,5.51740591791523,5.51740591791523,5.51740591791523,5.51740591791523,4.404543109109048,4.404543109109048,4.404543109109048,4.404543109109048,4.404543109109048,5.500227268031749,5.500227268031749,5.500227268031749,5.500227268031749,5.500227268031749,1.650000000000001,1.650000000000001,1.650000000000001,1.650000000000001,1.650000000000001,1.698615435032439,1.698615435032439,1.698615435032439,1.698615435032439,1.698615435032439,5.350000000000001,5.350000000000001,5.350000000000001,5.350000000000001,5.350000000000001,5.803871283503701,5.803871283503701,5.803871283503701,5.803871283503701,5.803871283503701,2.2799,2.2799,2.2799,2.2799,2.2799,1.33291,1.33291,1.33291,1.33291,1.33291,79.9254,79.9254,79.9254,79.9254,79.9254,112.386,112.386,112.386,112.386,112.386,3.521320589944719e-05,3.521320589944719e-05,3.521320589944719e-05,3.521320589944719e-05,3.521320589944719e-05,1.999999778626348,1.999999778626348,1.999999778626348,1.999999778626348,1.999999778626348,0.0002340449676843,0.0002340449676843,11.02610534468578,11.02610534468578,11.02610534468578,11.02610534468578,11.02610534468578,1164.493,1164.493,1164.493,1164.493,1164.493,0.26735,0.26735,0.26735,0.26735,0.26735,-0.159125,-0.159125,-0.159125,-0.159125,-0.159125,0.04736,0.04736,0.04736,0.04736,0.04736,-0.7592003930890687,-0.4588435911321245,-1.045826977941644,1.8929163731512142,0,3,2.1475543460629787
9,pyrd10,BrCCCC1=CN=CC=C1,90.73453582613074,91.16089876033058,90.90263429752066,92.25206611570248,90.625,74.20967254271747,77.64682901419455,76.25830186222164,80.02018491991146,73.69449147024352,58.64173045957036,64.70128128724673,62.81845947556614,68.36077175208581,57.64675208581644,46.37249285995268,54.42950987700335,52.51176388371226,59.1461284010436,44.89435799478196,36.78505151088569,45.70324622928434,43.9920706349699,51.0493606852461,34.93963751474148,80.17246049786444,80.21694214876032,80.1459194214876,80.21694214876032,80.12332128099173,66.85323203703865,66.87556973564266,66.85766375830187,67.82133090246127,66.79092329730435,55.0345308367159,55.01433998808105,54.95846990464839,57.59553784266984,54.91842967818832,44.37747424556635,44.35508292955647,44.09301621319418,48.10554882594111,44.09301621319418,36.02822303024741,36.05572279808826,35.60106449009993,40.40096828253988,35.59834895413072,1.707604288478922,1.97817583917918,1.7,1.97817583917918,1.7,5.975116318512161,4.439929407806746,4.443417448378051,6.733805511494627,4.439929407806746,5.012734505372304,7.901688898464847,6.276474250859666,7.901688898464847,4.687699274279154,-0.3129657884612281,-0.31568,-0.3121,-0.30007,-0.31572,-0.0032391579729677,-0.00515,-0.0021,0.00406,-0.00873,-0.3801742083364718,-0.38014,-0.37962,-0.3727,-0.38336,1.91715669795656,1.91761,1.91714,1.91767,1.91605,0.0241682654919035,0.02177,0.03011,0.03432,0.02177,-0.4093297289587801,-0.40802,-0.41,-0.40647,-0.41074,12.19239622936052,14.6598,10.2683,14.6598,9.6367,-155.6903143340473,-155.5752,-155.3219,-153.2876,-157.1935,0.888816061142356,0.879285685933295,0.8860105514854454,0.917726936989301,0.8780138022572573,343.8551494873594,349.0125079906796,345.8524445293194,351.1524856730791,326.0719076623682,502.3048421043628,505.5106451857053,504.3922774794583,509.1227173099002,486.7591326509519,1.679963293945168,1.95,1.678700108616284,1.95,1.649999999999999,1.707861918785763,1.987600327348177,1.7,1.987600327348177,1.7,7.597147333387774,4.407096549884062,4.602445002387318,8.927485648266257,4.407096549884062,7.629246680830535,4.439929407806746,4.629066304987678,8.965902701846154,4.439929407806746,7.525437196589023,4.407096549884062,4.425494322671763,8.877640452282353,4.407096549884062,7.088786102600009,4.36033255612459,4.383206588788624,8.7705473033329,4.36033255612459,1.646483647597655,1.65,1.62634559672906,1.65,1.626345596729059,1.667517836258269,1.65,1.649999999999999,1.678700108616284,1.649999999999999,4.971877185015185,8.45,8.350000000000001,8.45,4.25,5.408743061175143,8.888442534027535,8.775715984845123,8.888442534027535,4.687699274279154,2.08544131792393,3.7713,1.1393,3.9559,1.1393,1.338276712771959,1.34032,1.33731,1.34032,1.33606,58.97099578259191,77.3913,62.9607,77.3913,40.264,116.5431449562385,117.866,116.613,118.136,112.885,0.0022770566290003,8.817375366897824e-11,0.0043270387839806,0.0068535205041052,8.817375366897824e-11,1.997760678878872,1.999999999999291,1.997488059873858,1.999999999999291,1.996236391477487,0.0288480035329571,0.0456363359835194,8.297624488706868,8.235004800642304,8.300932379461056,8.305489359796962,8.235004800642304,1384.971163443323,1428.498,1325.273,1579.731,1259.341,0.3097266304882604,0.31053,0.31,0.31096,0.30114,-0.158102473217098,-0.160415,-0.1571,-0.148095,-0.162225,0.0403612966440082,0.04143,0.03981,0.04286,0.03604,4.917613235654438,-2.73038154193509,-0.9375666091908124,-0.12957645954939678,1,1,0.900840535482572
10,pyrd11,ClC1=C(C)C(C(OC)=O)=NC=C1,95.39814500988732,95.64501549586775,95.64501549586775,95.64501549586775,90.73799070247934,86.3576962967903,87.02956114077354,87.02956114077354,87.02956114077354,73.67495767678082,75.37170886119675,76.31201579261025,76.31201579261025,76.31201579261025,57.62161054827175,64.4030625998796,65.39321654863959,65.39321654863959,65.39321654863959,45.71200614983228,54.45289362517376,55.36434734032648,55.36434734032648,55.36434734032648,37.24745515486313,82.69758529834098,82.74793388429752,82.74793388429752,82.74793388429752,81.7471590909091,71.85710283067321,71.92179971350437,71.92179971350437,71.92179971350437,70.63582497721058,61.80712302726329,61.86680572109654,61.86680572109654,61.86680572109654,60.68049761620977,52.22399217524711,52.26076220648528,52.26076220648528,52.26076220648528,51.52988725307491,43.9833045892387,44.01146732046428,44.01146732046428,44.01146732046428,43.45167897709639,1.946068111728931,1.959038412224148,1.959038412224148,1.959038412224148,1.701228792516224,5.652714032712326,5.654951435445387,5.654951435445387,5.654951435445387,5.610478761280531,5.69364170777704,5.747386068467839,5.747386068467839,5.747386068467839,4.679113733817573,-0.3269908746237514,-0.32693,-0.32693,-0.32693,-0.32814,-0.0330034983802385,-0.03341,-0.03341,-0.02533,-0.03341,-0.3919404411747828,-0.39195,-0.39195,-0.39176,-0.39195,1.911173266261509,1.91113,1.91113,1.91199,1.91113,0.0881053478337928,0.09073,0.09073,0.09073,0.03856,-0.3785550928819218,-0.37854,-0.37854,-0.37854,-0.37884,11.21652023094013,11.0483,11.0483,14.392,11.0483,-147.1345856877332,-147.0971,-147.0971,-147.0971,-147.8422,0.8847966214989647,0.8847792477657875,0.8847792477657875,0.8851245840627352,0.8847792477657875,352.8691695039458,352.8299489680342,352.8299489680342,353.6095324057382,352.8299489680342,518.7518388188552,518.6499828063448,518.6499828063448,520.6745665744646,518.6499828063448,1.928641859767217,1.941229828747882,1.941229828747882,1.941229828747882,1.691019781802777,1.946068111728931,1.959038412224148,1.959038412224148,1.959038412224148,1.701228792516224,5.651069710157561,5.653538714822778,5.653538714822778,5.653538714822778,5.604462507680822,5.652714032712326,5.654951435445387,5.654951435445387,5.654951435445387,5.610478761280531,5.456707540956782,5.452063829413591,5.452063829413591,5.544366510251644,5.452063829413591,5.612040908193144,5.614267539047279,5.614267539047279,5.614267539047279,5.570008976653448,1.649999999999999,1.649999999999999,1.649999999999999,1.65,1.649999999999999,1.751639752617127,1.757024092591371,1.757024092591371,1.757024092591371,1.65,5.247174913273578,5.300000000000001,5.300000000000001,5.300000000000001,4.25,5.69364170777704,5.747386068467839,5.747386068467839,5.747386068467839,4.679113733817573,1.224429579175405,1.153,1.153,2.5728,1.153,1.339748653183441,1.34013,1.34013,1.34013,1.33255,73.38018173989845,73.7837,73.7837,73.7837,65.763,117.7200108276167,117.767,117.767,117.767,116.833,0.0258001228778078,0.027116496208784,0.027116496208784,0.027116496208784,0.0009510493883496,1.99652747568006,1.996561405435199,1.996561405435199,1.996561405435199,1.995886986421356,0.1809697600598597,0.1809697600598597,8.207404680430663,8.205816306383449,8.205816306383449,8.237388289562828,8.205816306383449,1492.062617758913,1504.58,1504.58,1504.58,1255.773,0.2939873762435128,0.29352,0.29352,0.30281,0.29352,-0.179997186501995,-0.18017,-0.18017,-0.176735,-0.18017,0.0551128482641692,0.0553,0.0553,0.0553,0.05158,-0.03288089499602007,-2.658313287638507,0.6129758144832521,0.49022516867564414,0,3,4.556887177127856
11,pyrd12,COC1=C(CCC(N2)=O)C2=NC=C1,94.80565599173552,94.80565599173552,94.80565599173552,94.80565599173552,94.80565599173552,85.1087381169423,85.1087381169423,85.1087381169423,85.1087381169423,85.1087381169423,74.03344755661502,74.03344755661502,74.03344755661502,74.03344755661502,74.03344755661502,62.94434867685427,62.94434867685427,62.94434867685427,62.94434867685427,62.94434867685427,53.13101297250326,53.13101297250326,53.13101297250326,53.13101297250326,53.13101297250326,80.7399276859504,80.7399276859504,80.7399276859504,80.7399276859504,80.7399276859504,68.96405782002864,68.96405782002864,68.96405782002864,68.96405782002864,68.96405782002864,58.33395411203814,58.33395411203814,58.33395411203814,58.33395411203814,58.33395411203814,48.60813455087589,48.60813455087589,48.60813455087589,48.60813455087589,48.60813455087589,40.28148469989448,40.28148469989448,40.28148469989448,40.28148469989448,40.28148469989448,1.953485174794384,1.953485174794384,1.953485174794384,1.953485174794384,1.953485174794384,6.456144948350906,6.456144948350906,6.456144948350906,6.456144948350906,6.456144948350906,6.637396033555678,6.637396033555678,6.637396033555678,6.637396033555678,6.637396033555678,-0.28653,-0.28653,-0.28653,-0.28653,-0.28653,0.00312,0.00312,0.00312,0.00312,0.00312,-0.38774,-0.38774,-0.38774,-0.38774,-0.38774,1.91075,1.91075,1.91075,1.91075,1.91075,0.37935,0.37935,0.37935,0.37935,0.37935,-0.46896,-0.46896,-0.46896,-0.46896,-0.46896,10.6169,10.6169,10.6169,10.6169,10.6169,-69.9651,-69.9651,-69.9651,-69.9651,-69.9651,0.886399777908327,0.886399777908327,0.886399777908327,0.886399777908327,0.886399777908327,353.7089513527407,353.7089513527407,353.7089513527407,353.7089513527407,353.7089513527407,522.0202462238508,522.0202462238508,522.0202462238508,522.0202462238508,522.0202462238508,1.944234333443916,1.944234333443916,1.944234333443916,1.944234333443916,1.944234333443916,1.953485174794384,1.953485174794384,1.953485174794384,1.953485174794384,1.953485174794384,6.565439817712138,6.565439817712138,6.565439817712138,6.565439817712138,6.565439817712138,6.581638198652863,6.581638198652863,6.581638198652863,6.581638198652863,6.581638198652863,6.31268564083465,6.31268564083465,6.31268564083465,6.31268564083465,6.31268564083465,6.456972975009265,6.456972975009265,6.456972975009265,6.456972975009265,6.456972975009265,1.653239178295502,1.653239178295502,1.653239178295502,1.653239178295502,1.653239178295502,1.656729659582959,1.656729659582959,1.656729659582959,1.656729659582959,1.656729659582959,6.200000000000001,6.200000000000001,6.200000000000001,6.200000000000001,6.200000000000001,6.637396033555678,6.637396033555678,6.637396033555678,6.637396033555678,6.637396033555678,6.0091,6.0091,6.0091,6.0091,6.0091,1.33812,1.33812,1.33812,1.33812,1.33812,81.7545,81.7545,81.7545,81.7545,81.7545,123.612,123.612,123.612,123.612,123.612,0.0142483864399665,0.0142483864399665,0.0142483864399665,0.0142483864399665,0.0142483864399665,1.998670168221597,1.998670168221597,1.998670168221597,1.998670168221597,1.998670168221597,0.0950949425054795,0.0950949425054795,8.41425339786758,8.41425339786758,8.41425339786758,8.41425339786758,8.41425339786758,1263.49,1263.49,1263.49,1263.49,1263.49,0.28965,0.28965,0.28965,0.28965,0.28965,-0.141705,-0.141705,-0.141705,-0.141705,-0.141705,0.03466,0.03466,0.03466,0.03466,0.03466,2.5084899609981486,3.2963864957830684,-1.2321452955063608,0.9564834486099046,0,3,2.9661025922590385
12,pyrd13,O=CC1=CC=C(CCCN2)C2=N1,94.74108987603306,94.74108987603306,94.74108987603306,94.74108987603306,94.74108987603306,85.14943351998959,85.14943351998959,85.14943351998959,85.14943351998959,85.14943351998959,74.13308253873659,74.13308253873659,74.13308253873659,74.13308253873659,74.13308253873659,63.58553857622064,63.58553857622064,63.58553857622064,63.58553857622064,63.58553857622064,54.34796102042083,54.34796102042083,54.34796102042083,54.34796102042083,54.34796102042083,82.09258780991735,82.09258780991735,82.09258780991735,82.09258780991735,82.09258780991735,72.27991926032036,72.27991926032036,72.27991926032036,72.27991926032036,72.27991926032036,63.18720202622169,63.18720202622169,63.18720202622169,63.18720202622169,63.18720202622169,54.81853335818114,54.81853335818114,54.81853335818114,54.81853335818114,54.81853335818114,46.80303829681584,46.80303829681584,46.80303829681584,46.80303829681584,46.80303829681584,2.268271688598595,2.268271688598595,2.268271688598595,2.268271688598595,2.268271688598595,4.432596505625845,4.432596505625845,4.432596505625845,4.432596505625845,4.432596505625845,6.70169699732643,6.70169699732643,6.70169699732643,6.70169699732643,6.70169699732643,-0.26582,-0.26582,-0.26582,-0.26582,-0.26582,-0.03406,-0.03406,-0.03406,-0.03406,-0.03406,-0.38634,-0.38634,-0.38634,-0.38634,-0.38634,1.91112,1.91112,1.91112,1.91112,1.91112,0.37693,0.37693,0.37693,0.37693,0.37693,-0.45409,-0.45409,-0.45409,-0.45409,-0.45409,8.2888,8.2888,8.2888,8.2888,8.2888,-81.09,-81.09,-81.09,-81.09,-81.09,0.8908979139024035,0.8908979139024035,0.8908979139024035,0.8908979139024035,0.8908979139024035,341.8895053651892,341.8895053651892,341.8895053651892,341.8895053651892,341.8895053651892,499.8553918620761,499.8553918620761,499.8553918620761,499.8553918620761,499.8553918620761,2.256191969799289,2.256191969799289,2.256191969799289,2.256191969799289,2.256191969799289,2.268271688598595,2.268271688598595,2.268271688598595,2.268271688598595,2.268271688598595,4.41021541423999,4.41021541423999,4.41021541423999,4.41021541423999,4.41021541423999,4.432596505625845,4.432596505625845,4.432596505625845,4.432596505625845,4.432596505625845,4.41021541423999,4.41021541423999,4.41021541423999,4.41021541423999,4.41021541423999,4.41021541423999,4.41021541423999,4.41021541423999,4.41021541423999,4.41021541423999,1.643168600957272,1.643168600957272,1.643168600957272,1.643168600957272,1.643168600957272,1.65,1.65,1.65,1.65,1.65,6.250000000000001,6.250000000000001,6.250000000000001,6.250000000000001,6.250000000000001,6.70169699732643,6.70169699732643,6.70169699732643,6.70169699732643,6.70169699732643,5.7747,5.7747,5.7747,5.7747,5.7747,1.33839,1.33839,1.33839,1.33839,1.33839,86.3837,86.3837,86.3837,86.3837,86.3837,121.596,121.596,121.596,121.596,121.596,0.0204398917270447,0.0204398917270447,0.0204398917270447,0.0204398917270447,0.0204398917270447,0.0183731209496357,0.0183731209496357,0.0183731209496357,0.0183731209496357,0.0183731209496357,0.1360522942165164,0.1360522942165164,7.736452015229891,7.736452015229891,7.736452015229891,7.736452015229891,7.736452015229891,1467.516,1467.516,1467.516,1467.516,1467.516,0.23176,0.23176,0.23176,0.23176,0.23176,-0.14994,-0.14994,-0.14994,-0.14994,-0.14994,0.0485,0.0485,0.0485,0.0485,0.0485,0.23089028014274374,6.400702062706128,-4.809000178191656,2.4662488709162056,0,3,6.032585691753662
